,PC1,PC2,PC3,PC4,PC5,Label
0,-6.457102065199066,-0.011022635853746077,-0.003375540224867968,-0.004045394102341671,0.00013591640477284006,0
1,-6.456922479202617,-0.01163633424516708,-0.004000706260338216,-0.0029951695092799713,-0.0006803401483361782,0
2,-8.92150466472366,0.00924304088126604,-0.0019243821503385217,-0.001554254069208283,0.00034385414406445935,1
3,-8.922487349494006,0.008403695209983963,-0.0011235795822068795,0.00012225102166540935,0.0008395990904200845,1
4,-8.919389074129786,0.010776049915192432,-0.0029226368899764044,-0.0035021954596504146,-0.00031653164766937136,1
5,-7.910960598651627,-0.005662622924938243,0.00018775849183884363,-0.0008045307500784693,0.0015329667263968838,10
6,-7.91108156481578,-0.006285633429020665,-0.0002464889943341181,-0.001332509632845591,0.002895930378757905,10
